{
    "faces":[40,2,8,7,0,0,0,0,1,2,40,6,2,7,0,0,0,3,0,2,40,3,6,5,0,0,0,4,3,5,40,4,3,5,0,0,0,6,4,5,40,0,4,11,0,0,0,0,6,7,40,10,0,11,0,0,0,8,0,7,40,1,10,9,0,0,0,0,8,9,40,8,1,9,0,0,0,1,0,9,40,7,8,12,1,2,3,2,1,0,40,10,11,12,1,2,3,8,7,0,40,6,7,12,1,2,3,3,2,0,40,9,10,12,1,2,3,9,8,0,40,5,6,12,1,2,3,5,3,0,40,8,9,12,2,1,3,1,9,0,40,11,4,12,1,2,3,7,6,0,40,4,5,12,1,2,3,6,5,0],
    "vertices":[1,-0,-0.999999,0.999999,0,1,-1,0,1,-1,-0,-1,0,-0,-1,-0.707107,-0,-0.707107,-1,0,0,-0.707107,0,0.707107,0,0,1,0.707107,0,0.707107,1,-0,-0,0.707107,-0,-0.707107,0,4,-0],
    "name":"CubeGeometry",
    "uvs":[[0.256836,0.496094,0.578125,0.498047,0.642578,0.496094,0.620117,0.27832]],
    "normals":[0,1,0,0,0.478652,0.877987,-0.354472,0.86523,0.354472,-0.877987,0.478652,0,0,0.999969,0,-0.354472,0.86523,-0.354472,0,0.478652,-0.877987,0.354472,0.86523,-0.354472,0.877987,0.478652,0,0.354472,0.86523,0.354472],
    "metadata":{
        "faces":16,
        "vertices":13,
        "uvs":1,
        "version":3,
        "normals":10,
        "generator":"io_three",
        "type":"Geometry"
    }
}