{
    "faces":[41,0,1,3,2,2,3,0,1,0,0,0,0],
    "vertices":[1,-0,-1,1,0,1,1.5,-2,-1,1.5,-2,1],
    "name":"Grid.001Geometry",
    "uvs":[[0.0001,0.000102,0.999899,0.0001,0.999899,0.9999,0.0001,0.9999]],
    "normals":[0.970122,0.242531,0],
    "metadata":{
        "faces":1,
        "vertices":4,
        "uvs":1,
        "version":3,
        "normals":1,
        "generator":"io_three",
        "type":"Geometry"
    }
}