{
    "name":"CylinderGeometry",
    "vertices":[-1.37454,1.54891,0.744786,2.10095,1.54891,0.744786,-1.37454,1.08722,1.08022,2.10095,1.08722,1.08022,-1.37454,1.26357,1.62297,2.10095,1.26357,1.62297,-1.37454,1.83425,1.62297,2.10095,1.83425,1.62297,-1.37454,2.0106,1.08022,2.10095,2.0106,1.08022,0,-0,-1,0,1.74591,-1,0.707107,-0,-0.707107,0.707107,1.74591,-0.707107,1,0,0,1,1.74591,-0,0.707107,0,0.707107,0.707107,1.74591,0.707107,-0,0,1,-0,1.74591,1,-0.707107,0,0.707107,-0.707107,1.74591,0.707107,-1,-0,-0,-1,1.74591,-0,-0.707107,-0,-0.707107,-0.707107,1.74591,-0.707107,0,2.33243,-0.683477,0.483291,2.33243,-0.483291,0.683477,2.33243,-0,0.483291,2.33243,0.483291,-0,2.33243,0.683477,-0.483291,2.33243,0.483291,-0.683477,2.33243,-0,-0.483291,2.33243,-0.483291,-0,2.57738,-0],
    "metadata":{
        "vertices":35,
        "version":3,
        "type":"Geometry",
        "faces":41,
        "normals":35,
        "uvs":1,
        "generator":"io_three"
    },
    "faces":[41,0,1,3,2,0,1,2,3,0,1,2,3,41,2,3,5,4,0,1,2,3,3,2,4,5,41,4,5,7,6,0,1,2,3,5,4,6,7,40,5,3,1,8,4,5,4,2,1,40,1,9,7,5,6,7,1,8,6,40,1,7,5,5,7,8,1,6,4,41,1,0,8,9,2,3,0,1,1,0,9,8,41,6,7,9,8,0,1,2,3,7,6,8,9,40,8,0,2,7,8,4,9,0,3,40,2,4,6,4,5,6,3,5,7,40,2,6,8,4,6,7,3,7,9,41,10,11,13,12,9,10,11,12,10,11,12,13,41,12,13,15,14,12,11,13,14,13,12,14,15,41,14,15,17,16,14,13,15,16,15,14,16,17,41,16,17,19,18,16,15,11,12,17,16,18,19,41,18,19,21,20,12,11,10,9,19,18,20,21,41,20,21,23,22,9,10,17,18,21,20,22,23,41,25,23,32,33,19,17,20,21,24,22,25,26,41,24,25,11,10,22,19,10,9,27,24,11,10,41,22,23,25,24,18,17,19,22,23,22,24,27,40,24,10,12,30,23,24,27,10,13,40,12,14,16,24,25,26,13,15,17,40,16,18,20,26,27,28,17,19,21,40,20,22,24,28,29,30,21,23,27,40,24,12,16,30,24,26,27,13,17,40,16,20,24,26,28,30,17,21,27,41,11,25,33,26,10,19,21,31,11,24,26,28,41,15,13,27,28,13,11,32,33,14,12,29,30,41,17,15,28,29,15,13,34,35,16,14,30,31,41,13,11,26,27,11,10,31,32,12,11,28,29,41,19,17,29,30,11,15,35,36,18,16,31,32,41,21,19,30,31,10,11,36,37,20,18,32,33,41,23,21,31,32,17,10,37,38,22,20,33,25,40,33,32,34,21,20,39,26,25,34,40,29,28,34,35,34,40,31,30,34,40,32,31,34,38,37,40,25,33,34,40,28,27,34,33,32,39,30,29,34,40,31,30,34,37,36,40,33,32,34,40,26,33,34,31,21,39,28,26,34,40,27,26,34,32,31,39,29,28,34,40,30,29,34,36,35,40,32,31,34],
    "normals":[-0.595691,0,-0.803186,0.595691,0,-0.803186,0.595691,-0.763878,-0.248177,-0.595691,-0.763878,-0.248177,0.595691,-0.472091,0.6498,-0.595691,-0.472091,0.6498,0.595691,0.472091,0.6498,-0.595691,0.472091,0.6498,0.595691,0.763878,-0.248177,-0.595691,0.763878,-0.248177,0,-0.630238,-0.77636,0,0.231819,-0.972747,0.687826,0.231819,-0.687826,0.548967,-0.630238,-0.548967,0.972747,0.231819,0,0.77636,-0.630238,0,0.687826,0.231819,0.687826,0.548967,-0.630238,0.548967,0,0.231819,0.972747,0,-0.630238,0.77636,-0.687826,0.231819,0.687826,-0.548967,-0.630238,0.548967,-0.972747,0.231819,0,-0.77636,-0.630238,0,-0.687826,0.231819,-0.687826,-0.697287,0.716758,0,-0.493057,0.716758,-0.493057,-0.548967,-0.630238,-0.548967,0,0.716758,-0.697287,0.493057,0.716758,-0.493057,0.697287,0.716758,0,0.493057,0.716758,0.493057,0,0.716758,0.697287,-0.493057,0.716758,0.493057,0,1,0],
    "uvs":[[0.84375,0.34375,0.84375,0.84375,0.8125,0.84375,0.8125,0.34375,0.8125,0.875,0.84375,0.90625,0.8125,0.90625,0.78125,0.90625,0.78125,0.875,0.125,0,0.125,0.84375,0.1875,0.84375,0.1875,0,0.4375,0.84375,0.4375,0,0.21875,0.84375,0.21875,0,0,0.84375,0,0,0.0625,0.84375,0,1,0.09375,1,0.0625,0,0.670175,0.000129,0.755431,0.085385,0.755431,0.205955,0.670175,0.291211,0.549605,0.291211,0.46435,0.205955,0.46435,0.085385,0.549605,0.000129,0.21875,1,0.34375,1,0.4375,0.96875,0.375,0.96875,0.3125,0.96875,0.25,0.96875,0.15625,0.96875,0.0625,0.96875,0.4375,1,0.25,1]]
}