{
    "name":"CubeGeometry",
    "vertices":[-0.187342,1.72203,-1.01512,1.41692,0.981627,-1.01512,2.70159,0.981085,-0.580213,1.27283,1.72203,-0.696733,-0.855041,0.880368,-0.803386,-0.855041,1.72203,-0.803386,3.84121,0.358923,-0.580213,4.2762,-0.283689,-1.01512,5.08123,-0.283689,-0.292713,0.980086,-0.283689,-0.999999,-1.67809,1.17209,-0.244961,-1.67809,1.57229,-0.244961,-4.33685,1.20781,-0.244962,-4.55292,1.60801,-0.244962,-5.30075,0.906049,-0.241534,-5.49477,2.38781,-0.241534,-0.934568,0.795353,-1.92195,0.888825,0.896612,-2.13368,0.760904,0.604582,-0.912347,0.108589,0.604582,-0.89344,0.681378,0.519567,-2.01588,0.029062,0.519567,-2.012,-0.971437,0.184807,-2.44053,0.851955,0.286066,-2.65226,-0.007807,-0.090979,-2.53059,-3.61267,2.00876,-3.27586,-3.14126,2.00876,-3.74727,0.15857,2.00876,-0.447437,3.45838,2.00876,-3.74725,3.92978,2.00876,-3.27584,-0.187342,1.72203,1.01512,1.41692,0.981627,1.01512,2.70159,0.981085,0.580214,1.27283,1.72203,0.696733,-0.855042,0.880369,0.803385,0.222871,1.72203,-0,-0.855042,1.72203,0.803385,1.27283,1.72203,0,1.90668,1.44003,0,3.53005,-0.853787,1e-06,3.84121,0.358923,0.580214,4.2762,-0.283689,1.01512,4.53004,-0.038779,1e-06,-0.855041,0.880369,-0,-0.855041,1.72203,-0,5.08123,-0.283689,1e-06,0.980085,-0.770447,0,5.08123,-0.283689,0.292715,0.980086,-0.283689,0.999999,2.70913,1.29619,0,-1.67809,1.17209,0.24496,3.84875,0.674028,1e-06,-1.67809,1.57229,0.244961,-1.67809,1.17209,-0,-1.67809,1.57229,-0,-4.33685,1.20781,0.244961,-4.55292,1.60801,0.244961,-4.33685,1.20781,-1e-06,-4.55292,1.60801,-1e-06,-5.30075,0.906049,0.241532,-5.49477,2.38781,0.241532,-5.30075,0.906049,-1e-06,-5.49477,2.38781,-1e-06,-0.934568,0.795354,1.92195,0.888824,0.896612,2.13368,0.760904,0.604582,0.912347,0.108588,0.604582,0.89344,0.681377,0.519567,2.01588,0.029062,0.519567,2.012,-0.971438,0.184808,2.44053,0.851954,0.286066,2.65226,-0.007808,-0.090979,2.53059,-3.61267,2.00876,3.27586,-3.14126,2.00876,3.74727,-0.312835,2.00876,-0,0.15857,2.00876,0.447437,3.45838,2.00876,3.74725,0.629974,2.00876,0,3.92978,2.00876,3.27584],
    "metadata":{
        "vertices":79,
        "version":3,
        "type":"Geometry",
        "faces":80,
        "normals":68,
        "uvs":1,
        "generator":"io_three"
    },
    "faces":[41,35,0,5,44,0,1,2,3,0,1,2,3,41,3,0,35,37,5,1,0,4,4,1,0,5,41,44,5,11,54,3,2,6,7,3,2,6,7,41,58,13,15,62,8,8,9,10,8,9,10,11,41,43,4,9,46,11,12,13,14,12,13,14,15,41,0,1,4,5,1,15,16,2,1,16,13,2,41,5,4,10,11,2,16,17,6,2,13,17,6,41,10,53,57,12,17,18,19,20,17,18,19,20,41,7,8,45,39,21,22,23,24,21,22,23,24,41,19,4,16,21,25,26,27,28,25,13,26,27,41,1,2,6,7,29,30,31,21,16,28,29,21,41,0,3,2,1,1,5,32,15,1,4,28,16,41,54,11,13,58,7,6,8,8,7,6,9,8,41,11,10,12,13,6,17,20,8,6,17,20,9,41,37,38,2,3,4,33,32,5,5,30,28,4,41,2,49,51,6,34,35,36,37,28,31,32,29,40,38,49,2,38,35,34,30,31,28,41,6,42,45,8,31,39,23,22,29,33,23,22,41,7,39,46,9,21,24,14,13,21,24,15,14,40,7,6,8,21,31,22,21,29,22,40,6,51,42,37,36,40,29,32,33,41,4,43,53,10,16,41,18,17,13,12,18,17,41,62,15,14,61,10,9,42,43,11,10,34,35,41,13,12,14,15,8,20,42,9,9,20,34,10,41,12,57,61,14,20,19,43,42,20,19,35,34,41,4,1,17,16,44,45,46,47,13,16,36,26,41,18,19,21,20,48,25,28,49,37,25,27,38,40,9,4,19,13,12,50,14,13,25,40,9,1,7,13,29,21,14,16,21,41,1,18,20,17,51,48,49,52,16,37,38,36,41,16,17,23,22,47,46,53,54,26,36,39,40,40,9,18,1,13,55,29,14,37,16,41,17,20,24,23,52,49,56,57,36,38,41,39,40,23,24,22,53,58,54,39,41,40,41,21,16,22,24,28,27,59,56,27,26,40,41,40,20,21,24,49,28,56,38,27,41,40,9,19,18,13,50,55,14,25,37,41,26,25,74,27,60,61,62,63,42,0,0,0,40,74,77,27,62,64,63,0,0,0,41,28,27,77,29,65,63,64,66,0,0,0,42,41,35,44,36,30,0,3,2,1,0,3,43,44,41,35,30,33,37,0,1,5,4,0,44,45,5,41,44,54,52,36,3,7,6,2,3,7,46,43,41,58,62,60,56,8,10,9,8,8,11,47,48,41,43,46,48,34,11,14,13,12,12,15,49,50,41,30,36,34,31,1,2,16,15,44,43,50,51,41,36,52,50,34,2,6,17,16,43,46,52,50,41,50,55,57,53,17,20,19,18,52,53,19,18,41,41,39,45,47,21,24,23,22,54,24,23,55,41,66,68,63,34,25,28,27,26,56,57,58,50,41,31,41,40,32,29,21,31,30,51,54,59,60,41,30,31,32,33,1,15,32,5,44,51,60,45,41,54,58,56,52,7,8,8,6,7,8,48,46,41,52,56,55,50,6,8,20,17,46,48,53,52,41,37,33,32,38,4,5,32,33,5,45,60,30,41,32,40,51,49,34,37,36,35,60,59,32,31,40,38,32,49,38,34,35,30,60,31,41,40,47,45,42,31,22,23,39,59,55,23,33,41,41,48,46,39,21,13,14,24,54,49,15,24,40,41,47,40,21,22,31,54,55,59,40,40,42,51,37,40,36,59,33,32,41,34,50,53,43,16,17,18,41,50,52,18,12,41,62,61,59,60,10,43,42,9,11,35,61,47,41,56,60,59,55,8,9,42,20,48,47,61,53,41,55,59,61,57,20,42,43,19,53,61,35,19,41,34,63,64,31,44,47,46,45,50,58,62,51,41,65,67,68,66,48,49,28,25,63,64,57,56,40,48,66,34,13,50,12,49,56,50,40,48,41,31,13,21,29,49,54,51,41,31,64,67,65,51,52,49,48,51,62,64,63,41,63,69,70,64,47,54,53,46,58,65,66,62,40,48,31,65,13,29,55,49,51,63,41,64,70,71,67,52,57,56,49,62,66,67,64,40,70,69,71,53,54,58,66,65,67,41,68,71,69,63,28,56,59,27,57,67,65,58,40,67,71,68,49,56,28,64,67,57,40,48,65,66,13,55,50,49,63,56,41,73,75,74,72,60,63,62,61,0,0,0,42,40,74,75,77,62,63,64,0,0,0,41,76,78,77,75,65,66,64,63,0,0,0,0],
    "normals":[0,1,0,-0.062471,0.634602,-0.770287,-0.299936,0.663045,-0.685842,-0.089846,0.995941,0,0.258736,0.842524,-0.472396,0.229133,0.973388,0,-0.269417,0.746971,-0.607807,-0.083651,0.99649,0,0.344737,0.938688,0,0.208899,0.574847,-0.791131,-0.405408,0.733573,-0.545396,-0.483535,0.875301,0,-0.479537,-0.877499,0,-0.578448,-0.487564,-0.653951,-0.257942,-0.565447,-0.78338,-0.314432,-0.949278,0,0.222816,0.271218,-0.936338,-0.35139,-0.709037,-0.611347,-0.176092,-0.984344,0,0.144475,-0.989502,0,0.095157,-0.660543,-0.744713,0.459792,-0.225532,-0.858882,0.914121,-0.037599,-0.403638,0.999268,-0.037782,0,0.084353,-0.996429,0,-0.15186,-0.680715,-0.716605,-0.960418,0.24601,-0.130497,-0.100955,-0.870907,0.480941,0.337138,0.73983,-0.582202,0.447981,0.714469,-0.5374,0.399365,0.916776,0,0.318705,0.947844,0,0.587115,0.809473,0,0.498978,0.866604,0,-0.443709,-0.693442,-0.567614,-0.538438,-0.842647,0,0.68685,0.49205,-0.534837,0.133091,-0.548265,-0.825617,0.417798,-0.870449,0.260231,0.709342,-0.236091,-0.664113,-0.89639,-0.338115,-0.286538,-0.003876,-0.954314,-0.298685,0,0.999969,0,-0.299936,0.663045,0.685842,-0.062471,0.634602,0.770287,0.258736,0.842524,0.472396,-0.269417,0.746971,0.607807,-0.405408,0.733573,0.545396,0.208899,0.574847,0.791131,-0.257942,-0.565447,0.78338,-0.578448,-0.487564,0.653951,0.222816,0.271218,0.936338,-0.35139,-0.709037,0.611347,0.095157,-0.660543,0.744713,0.459792,-0.225532,0.858882,0.914121,-0.037599,0.403638,-0.15186,-0.680715,0.716605,-0.100955,-0.870907,-0.480941,-0.960418,0.24601,0.130497,0.447981,0.714469,0.5374,0.337138,0.73983,0.582202,-0.443709,-0.693442,0.567614,0.68685,0.49205,0.534837,0.133091,-0.548265,0.825617,0.417798,-0.870449,-0.260231,-0.89639,-0.338115,0.286538,0.709342,-0.236091,0.664113,-0.003876,-0.954314,0.298685],
    "uvs":[[0.050781,0.921875,0.050781,0.910156,0.058594,0.910156,0.0625,0.917969,0.039062,0.921875,0.039062,0.917969,0.070312,0.910156,0.074219,0.914062,0.117188,0.914062,0.125,0.914062,0.128906,0.914062,0.097656,0.9375,0.089844,0.949219,0.066406,0.9375,0.066406,0.921875,0.035156,0.910156,0.058594,0.902344,0.074219,0.902344,0.074219,0.898438,0.113281,0.902344,0.113281,0.90625,0.03125,0.9375,0.023438,0.9375,0.019531,0.933594,0.035156,0.921875,0.082031,0.964844,0.085938,0.953125,0.097656,0.960938,0.09375,0.972656,0.058594,0.953125,0.042969,0.953125,0.03125,0.945312,0.019531,0.917969,0.03125,0.921875,0.125,0.84375,0.003906,0.84375,0.007812,0.625,0.125,0.625,0.074219,0.859375,0.023438,0.941406,0.003906,0.515625,0.0625,0.894531,0.125,0.90625,0.125,0.902344,0.125,0.949219,0.097656,0.949219,0.101562,0.9375,0.125,0.9375,0.078125,0.972656,0.09375,0.980469,0.078125,0.945312,0.074219,0.980469,0.089844,0.984375,0.101562,0.925781,0.125,0.925781,0.070312,0.949219,0.105469,0.972656,0.097656,0.984375,0.113281,0.921875,0.105469,0.964844,0.519531,0.226562,0.523438,0.234375,0.503906,0.269531,0.5,0.265625,0.496094,0.269531,0.480469,0.226562,0.476562,0.234375]]
}