{
    "name":"Cylinder.001Geometry",
    "vertices":[0.245906,0.942326,1.05282,0.245906,0.942326,1.00478,1.8424,0.942326,1.00478,1.8424,0.942326,1.05282,0.245906,1.15203,1.05282,0.245906,1.15203,1.00478,1.8424,1.15203,1.00478,1.8424,1.15203,1.05282,-0.733721,0.942326,1.05282,-0.733721,0.942326,1.00478,-0.733721,1.15203,1.05282,-0.733721,1.15203,1.00478,0.245906,0.480328,1.05282,0.245906,0.480328,1.00478,-0.733721,0.480328,1.05282,-0.733721,0.480328,1.00478,0,-0,-1,0,1.74591,-1,0.707107,-0,-0.707107,0.707107,1.74591,-0.707107,1,0,0,1,1.74591,-0,0.707107,0,0.707107,0.707107,1.74591,0.707107,-0,0,1,-0,1.74591,1,-0.707107,0,0.707107,-0.707107,1.74591,0.707107,-1,-0,-0,-1,1.74591,-0,-0.707107,-0,-0.707107,-0.707107,1.74591,-0.707107,0,2.33243,-0.683477,0.483291,2.33243,-0.483291,0.683477,2.33243,-0,0.483291,2.33243,0.483291,-0,2.33243,0.683477,-0.483291,2.33243,0.483291,-0.683477,2.33243,-0,-0.483291,2.33243,-0.483291,-0,2.57738,-0],
    "metadata":{
        "vertices":41,
        "version":3,
        "type":"Geometry",
        "faces":36,
        "normals":27,
        "uvs":1,
        "generator":"io_three"
    },
    "faces":[41,5,6,2,1,0,1,2,3,0,0,0,0,41,0,3,7,4,5,2,1,4,1,1,1,1,41,0,4,10,8,6,7,8,9,1,1,1,1,41,5,1,9,11,10,11,11,10,0,0,0,0,41,9,1,13,15,11,11,11,11,0,0,0,0,41,0,8,14,12,6,12,13,14,1,1,1,1,41,16,17,19,18,15,16,17,18,2,3,4,5,41,18,19,21,20,18,17,19,20,5,4,6,7,41,20,21,23,22,20,19,21,22,7,6,8,9,41,22,23,25,24,22,21,17,18,9,8,10,11,41,24,25,27,26,18,17,16,15,11,10,12,13,41,26,27,29,28,15,16,23,24,13,12,14,15,41,31,29,38,39,25,23,26,27,16,14,17,18,41,30,31,17,16,28,25,16,15,19,16,3,2,41,28,29,31,30,24,23,25,28,15,14,16,19,40,30,16,18,36,29,30,19,2,5,40,18,20,22,30,31,32,5,7,9,40,22,24,26,32,33,34,9,11,13,40,26,28,30,34,35,36,13,15,19,40,30,18,22,36,30,32,19,5,9,40,22,26,30,32,34,36,9,13,19,41,17,31,39,32,16,25,27,37,3,16,18,20,41,21,19,33,34,19,17,38,39,6,4,21,22,41,23,21,34,35,21,19,40,41,8,6,22,23,41,19,17,32,33,17,16,37,38,4,3,20,21,41,25,23,35,36,17,21,41,42,10,8,23,24,41,27,25,36,37,16,17,42,43,12,10,24,25,41,29,27,37,38,23,16,43,44,14,12,25,17,40,39,38,40,27,26,45,18,17,26,40,35,34,40,41,40,46,23,22,26,40,38,37,40,44,43,46,17,25,26,40,34,33,40,39,38,45,22,21,26,40,37,36,40,43,42,46,25,24,26,40,32,39,40,37,27,45,20,18,26,40,33,32,40,38,37,45,21,20,26,40,36,35,40,42,41,46,24,23,26],
    "normals":[0,0,-1,0,0,1,0,-0.630238,-0.77636,0,0.231819,-0.972747,0.687826,0.231819,-0.687826,0.548967,-0.630238,-0.548967,0.972747,0.231819,0,0.77636,-0.630238,0,0.687826,0.231819,0.687826,0.548967,-0.630238,0.548967,0,0.231819,0.972747,0,-0.630238,0.77636,-0.687826,0.231819,0.687826,-0.548967,-0.630238,0.548967,-0.972747,0.231819,0,-0.77636,-0.630238,0,-0.687826,0.231819,-0.687826,-0.697287,0.716758,0,-0.493057,0.716758,-0.493057,-0.548967,-0.630238,-0.548967,0,0.716758,-0.697287,0.493057,0.716758,-0.493057,0.697287,0.716758,0,0.493057,0.716758,0.493057,0,0.716758,0.697287,-0.493057,0.716758,0.493057,0,1,0],
    "uvs":[[0.78125,0.34375,0.78125,0.90625,0.84375,0.90625,0.84375,0.34375,0.78125,0.4375,0.84375,0.4375,0.84375,0.40625,0.78125,0.40625,0.78125,0.03125,0.84375,0.03125,0.59375,0.09375,1,0,0.84375,0.0625,0.96875,0.0625,0.96875,0.40625,0.125,0,0.125,0.84375,0.1875,0.84375,0.1875,0,0.4375,0.84375,0.4375,0,0.21875,0.84375,0.21875,0,0,0.84375,0,0,0.0625,0.84375,0,1,0.09375,1,0.0625,0,0.670175,0.000129,0.755431,0.085385,0.755431,0.205955,0.670175,0.291211,0.549605,0.291211,0.46435,0.205955,0.46435,0.085385,0.549605,0.000129,0.21875,1,0.34375,1,0.4375,0.96875,0.375,0.96875,0.3125,0.96875,0.25,0.96875,0.15625,0.96875,0.0625,0.96875,0.4375,1,0.25,1]]
}