{
    "name":"Cube.001Geometry",
    "vertices":[0.459372,0.00954,0.001309,0.444766,0.049911,0.432401,-0.521116,0.066809,0.465587,0.309093,0.355397,0.251789,-0.346516,0.355397,0.251789,0.430999,0.114738,0.112382,0.309093,0.355397,-0.001309,-0.346516,0.355397,-0.001309,-0.519689,0.00954,0.001309,1.32244,0.17138,0.144447,0.459372,0.00954,-0.001309,0.444766,0.049911,-0.432401,-0.521116,0.066809,-0.465587,1.32136,0.04073,0,0.404723,0.225365,0,0.309093,0.355397,-0.251789,-0.346516,0.355397,-0.251789,0.430999,0.114738,-0.112382,0.309093,0.355397,0.001309,-0.346516,0.355397,0.001309,-0.519689,0.00954,-0.001309,1.28999,0.262202,0,1.32244,0.17138,-0.144447],
    "metadata":{
        "vertices":23,
        "version":3,
        "type":"Geometry",
        "faces":20,
        "normals":22,
        "uvs":1,
        "generator":"io_three"
    },
    "faces":[41,3,1,5,14,0,1,2,3,0,1,2,3,41,3,4,2,1,4,5,6,7,0,4,5,1,40,1,0,5,1,8,2,1,6,2,41,0,1,2,8,9,10,11,12,6,1,5,7,41,7,4,3,6,13,14,15,16,8,4,0,9,41,4,7,8,2,17,18,6,19,4,8,7,5,41,5,0,13,9,20,21,22,23,2,6,10,11,40,13,21,9,24,25,26,10,12,11,40,6,3,14,27,0,3,9,0,3,41,14,5,9,21,28,29,30,31,3,2,11,12,41,15,14,17,11,0,3,2,1,13,3,14,15,41,15,11,12,16,4,7,6,5,13,15,16,17,40,11,17,10,1,2,8,15,14,18,41,10,20,12,11,9,12,11,10,18,19,16,15,41,19,18,15,16,13,16,15,14,20,9,13,17,41,16,12,20,19,17,19,6,18,17,16,19,20,41,17,22,13,10,20,23,22,21,14,21,10,18,40,13,22,21,24,26,25,10,21,12,40,18,14,15,27,3,0,9,3,13,41,14,21,22,17,28,31,30,29,3,12,21,14],
    "normals":[0.424116,0.815332,0.394086,0.628803,-0.299905,0.717368,0.82757,0.354228,0.435469,0.65154,0.758599,0,-0.415296,0.834407,0.362285,-0.653005,-0.261849,0.710624,0.226814,-0.866421,0.444777,-0.828974,-0.554674,0.071505,-0.513169,0.857967,-0.022828,0.450209,0.89288,0,0.635792,-0.771813,0,0.585833,0.078005,0.806635,0.510514,0.859859,0,0.424116,0.815332,-0.394086,0.82757,0.354228,-0.435469,0.628803,-0.299905,-0.717368,-0.653005,-0.261849,-0.710624,-0.415296,0.834407,-0.362285,0.226814,-0.866421,-0.444777,-0.828974,-0.554674,-0.071535,-0.513169,0.857967,0.022828,0.585833,0.078005,-0.806635],
    "uvs":[[0.78125,0.28125,0.9375,0.28125,0.9375,0.40625,0.90625,0.40625,0.96875,1,0.71875,1,0.6875,0.75,1,0.75,0.9375,0.375,0.345203,0.639555,0.10428,0.558391,0,0.114671,0.345644,0,0.6875,0.96875,0.90625,0.96875,0.90625,1,0.6875,1,0.96875,0.5625,0.96875,0.75,0.71875,0.5625,0.840061,0.455523,0.910826,0.511704,0.912054,1.00214,0.820348,1.00257,0.2432,0.639555,0.345644,0.728119,0.243097,0.752872,0.78125,0.40625,0.929361,0.467561,0.998792,0.455523,1,1.00309,0.912054,0.980184]]
}