{
    "name":"CubeGeometry",
    "vertices":[0.801724,0,1,-0.812917,0,1,0.999999,0.237407,1,-1,0.237407,1,0.022022,0.000764,0.5,0.439492,0.258782,0.5,0.856961,0.537814,1,-0.812917,0.537814,1,0.801724,0,0.5,-0.812916,0,0.5,1,0.237407,0.5,-1,0.237407,0.5,0.856962,0.537814,0.5,-0.812917,0.537814,0.5,-0.395447,0.268146,0.5,0.439492,0.537814,0.5,-0.395447,0.537814,0.5,0.801724,-0,-1,-0.812917,-0,-1,0.999999,0.237407,-1,-1,0.237407,-1,0.022022,0.000764,-0.5,0.022023,0.000764,-0,0.439492,0.258782,-0.5,0.856961,0.537813,-1,-0.812917,0.537813,-1,0.439492,0.258782,-0,-0.395447,0.268146,-0,0.801724,-0,-0.5,-0.812916,-0,-0.5,1,0.237407,-0.5,-1,0.237407,-0.5,0.856962,0.537814,-0.5,-0.812917,0.537814,-0.5,0.439492,0.537814,-0,-0.395447,0.537814,-0,-0.395447,0.268146,-0.5,0.439492,0.537814,-0.5,-0.395447,0.537814,-0.5],
    "metadata":{
        "vertices":39,
        "version":3,
        "type":"Geometry",
        "faces":42,
        "normals":31,
        "uvs":1,
        "generator":"io_three"
    },
    "faces":[41,11,3,7,13,0,1,2,3,0,1,2,3,41,2,0,8,10,6,7,4,5,4,5,6,7,41,0,2,3,1,8,9,10,6,5,4,1,8,41,5,15,12,10,11,12,13,9,9,10,11,7,41,35,16,15,34,14,15,16,17,12,13,10,14,40,12,15,6,18,19,20,11,10,15,41,3,2,6,7,10,9,13,21,1,4,15,2,41,16,35,27,14,22,23,24,25,13,12,16,17,41,34,15,5,26,26,27,28,29,14,10,9,18,41,1,3,11,9,30,31,32,33,8,1,0,19,41,2,10,12,6,3,2,34,35,4,7,11,15,40,16,13,7,36,37,38,13,3,2,41,14,11,13,16,39,9,13,12,17,0,3,13,41,4,5,10,8,40,11,9,8,20,9,7,6,40,4,8,0,41,5,6,20,6,5,41,26,5,4,22,42,43,44,45,18,9,20,21,41,4,9,11,14,40,8,9,39,20,19,0,17,41,14,27,22,4,44,45,42,43,17,16,21,20,40,9,4,1,33,41,30,19,20,8,40,4,0,1,41,6,30,20,5,8,41,6,15,16,7,20,19,36,38,15,10,13,2,41,31,33,25,20,0,3,2,1,1,2,3,0,41,28,17,19,30,4,7,6,5,22,23,7,4,41,17,18,20,19,8,6,10,9,23,24,0,7,41,23,30,32,37,11,9,13,12,25,4,15,26,41,35,34,37,38,14,17,16,15,12,14,26,27,40,32,24,37,18,20,19,15,11,26,41,20,25,24,19,10,21,13,9,0,3,11,7,41,38,36,27,35,22,25,24,23,27,28,16,12,41,34,26,23,37,26,29,28,27,14,18,25,26,41,18,29,31,20,30,33,32,31,24,29,1,0,41,19,24,32,30,3,35,34,2,7,11,15,4,40,38,25,33,36,38,37,27,3,2,41,36,38,33,31,39,12,13,9,28,27,2,1,41,21,28,30,23,40,8,9,11,30,22,4,25,40,21,17,28,41,6,5,30,23,22,41,26,22,21,23,42,45,44,43,18,21,30,25,41,21,36,31,29,40,39,9,8,30,28,1,29,41,36,21,22,27,44,43,42,45,28,30,21,16,40,29,18,21,33,30,41,29,24,30,40,21,18,17,41,30,6,30,24,23,41,24,25,38,37,20,38,36,19,11,3,27,26],
    "normals":[-0.800409,-0.044221,-0.597766,-0.800409,-0.044221,0.597766,-0.38377,0.691092,0.612415,-0.38377,0.691092,-0.612415,0.791101,-0.099979,0.603412,0.331187,-0.708701,0.622913,0.331065,-0.708731,-0.622944,0.791101,-0.099979,-0.603412,-0.34199,-0.705496,0.620685,0.481002,-0.268166,-0.834681,0.301492,0.904508,-0.301492,0.425336,0.673635,-0.604358,-0.707083,0.707083,0,-0.301492,0.904508,-0.301492,0.707083,0.707083,0,0.425336,0.673635,0.604358,-0.877285,-0.479904,0,-0.485946,-0.265816,-0.832575,0.873409,-0.486953,0,-0.341899,-0.705527,-0.620716,-0.003601,-0.981597,-0.190924,-0.008026,-0.999939,0,0.331065,-0.708731,0.622944,0.331187,-0.708701,-0.622913,-0.34199,-0.705496,-0.620685,0.481002,-0.268166,0.834681,0.301492,0.904508,0.301492,-0.301492,0.904508,0.301492,-0.485946,-0.265816,0.832575,-0.341899,-0.705527,0.620716,-0.003601,-0.981597,0.190924],
    "uvs":[[0.65625,0.03125,0.46875,0.03125,0.46875,0.15625,0.65625,0.15625,0,0.3125,0,0.15625,0.125,0.15625,0.125,0.3125,0.125,1,0.28125,1,0.28125,0.15625,0.28125,0.71875,0.4375,0.65625,0.4375,1,0.9375,0.5625,0.75,0.5625,0.75,0.28125,0.9375,0.28125,0.6875,0.28125,0.6875,0.4375,0.40625,0.28125,0.4375,0.15625,0.895104,0.379111,0.894483,0.176825,0.999379,0.176503,1,0.378789,0.881056,0.581735,0.880435,0.379449,0.990549,0.379111,0.991169,0.581397,0.125,0.9375,0.125,0.78125,0,0.78125,0,0.9375,0.46875,0.28125,0.65625,0.28125,0.6875,0.75,0.6875,1,0.40625,1,0.28125,0.6875,0.125,0.546875,0,0.546875,1,0.21875,0.6875,0.21875,0.6875,0.09375,1,0.09375]]
}