{

	"metadata" :
	{
		"formatVersion" : 3.1,
		"generatedBy"   : "Blender 2.65 Exporter",
		"vertices"      : 13,
		"faces"         : 16,
		"normals"       : 10,
		"colors"        : 0,
		"uvs"           : [18],
		"materials"     : 0,
		"morphTargets"  : 0,
		"bones"         : 0
	},

	"scale" : 1.000000,

	"materials" : [],

	"vertices" : [1,0.999999,0,0.999999,-1,0,-1,-1,0,-1,1,0,0,1,0,-0.707107,0.707107,0,-1,0,0,-0.707107,-0.707107,0,1.19209e-07,-1,0,0.707107,-0.707107,0,1,2.98023e-08,0,0.707107,0.707107,0,0,3.72529e-08,1.11568],

	"morphTargets" : [],

	"normals" : [0,0,1,0,-0.604785,0.796381,-0.22367,-0.22367,0.948637,-0.604785,0,0.796381,0,0,0.999969,-0.22367,0.22367,0.948637,0,0.604785,0.796381,0.22367,0.22367,0.948637,0.604785,0,0.796381,0.22367,-0.22367,0.948637],

	"colors" : [],

	"uvs" : [[0.953125,0.53125,0.96875,0.546875,0.953125,0.546875,0.953125,0.515625,1,0.5,0.75,0.5,0.890625,0.609375,1,0.625,0.984375,0.546875,0.9375,0.578125,0.90625,0.515625,0.859375,0.515625,0.984375,0.515625,1,0.640625,0.78125,0.71875,0.8125,0.5,1,0.671875,1,0.609375]],

	"faces" : [40,2,8,7,0,1,2,0,1,2,40,6,2,7,3,0,2,3,0,2,40,3,6,5,4,5,6,4,3,5,40,4,3,5,7,4,6,6,4,5,40,0,4,11,8,9,10,0,6,7,40,10,0,11,11,8,10,8,0,7,40,1,10,9,4,12,4,0,8,9,40,8,1,9,1,4,4,1,0,9,40,7,8,12,5,13,14,2,1,0,40,10,11,12,15,16,14,8,7,0,40,6,7,12,15,16,14,3,2,0,40,9,10,12,15,16,14,9,8,0,40,5,6,12,15,16,14,5,3,0,40,8,9,12,13,15,14,1,9,0,40,11,4,12,15,16,14,7,6,0,40,4,5,12,15,17,14,6,5,0],

	"bones" : [],

	"skinIndices" : [],

	"skinWeights" : [],

	"animations" : []


}
