{

	"metadata" :
	{
		"formatVersion" : 3.1,
		"generatedBy"   : "Blender 2.65 Exporter",
		"vertices"      : 33,
		"faces"         : 32,
		"normals"       : 27,
		"colors"        : 0,
		"uvs"           : [37],
		"materials"     : 0,
		"morphTargets"  : 0,
		"bones"         : 0
	},

	"scale" : 1.000000,

	"materials" : [],

	"vertices" : [-1.28188,-1.05282,0,-1.28188,-0.900907,0,1.84239,-0.900907,0,1.84239,-1.05282,0,-1.28188,-1.05282,1.56214,-1.28188,-0.900907,1.56214,1.84239,-0.900907,1.56214,1.84239,-1.05282,1.56214,0,1,0,0,1,1.74591,0.707107,0.707107,0,0.707107,0.707107,1.74591,1,-4.37114e-08,0,1,-4.37114e-08,1.74591,0.707107,-0.707107,0,0.707107,-0.707107,1.74591,-8.74228e-08,-1,0,-8.74228e-08,-1,1.74591,-0.707107,-0.707107,0,-0.707107,-0.707107,1.74591,-1,1.19249e-08,0,-1,1.19249e-08,1.74591,-0.707107,0.707107,0,-0.707107,0.707107,1.74591,6.08947e-09,0.683477,2.33243,0.483291,0.483291,2.33243,0.683477,-2.98757e-08,2.33243,0.483291,-0.483291,2.33243,-5.3662e-08,-0.683477,2.33243,-0.483291,-0.483291,2.33243,-0.683477,8.15038e-09,2.33243,-0.483291,0.483291,2.33243,-1.49012e-08,-7.45058e-09,2.57738],

	"morphTargets" : [],

	"normals" : [0,1,0,0,-1,0,0,0.77636,-0.630238,0,0.972747,0.231819,0.687826,0.687826,0.231819,0.548967,0.548967,-0.630238,0.972747,0,0.231819,0.77636,0,-0.630238,0.687826,-0.687826,0.231819,0.548967,-0.548967,-0.630238,0,-0.972747,0.231819,0,-0.77636,-0.630238,-0.687826,-0.687826,0.231819,-0.548967,-0.548967,-0.630238,-0.972747,0,0.231819,-0.77636,0,-0.630238,-0.687826,0.687826,0.231819,-0.697287,0,0.716758,-0.493057,0.493057,0.716758,-0.548967,0.548967,-0.630238,0,0.697287,0.716758,0.493057,0.493057,0.716758,0.697287,0,0.716758,0.493057,-0.493057,0.716758,0,-0.697287,0.716758,-0.493057,-0.493057,0.716758,0,0,1],

	"colors" : [],

	"uvs" : [[0.59375,0.09375,0.625,1,1,1,1,0,0.625,0,0.125,0,0.125,0.84375,0.1875,0.84375,0.1875,0,0.4375,0.84375,0.4375,0,0.21875,0.84375,0.21875,0,0,0.84375,0,0,0.0625,0.84375,0,1,0.09375,1,0.0625,0,0.670175,0.000129,0.755431,0.085385,0.549605,0.000129,0.755431,0.205955,0.46435,0.085385,0.46435,0.205955,0.670175,0.291211,0.549605,0.291211,0.21875,1,0.34375,1,0.4375,0.96875,0.375,0.96875,0.3125,0.96875,0.25,0.96875,0.15625,0.96875,0.0625,0.96875,0.4375,1,0.25,1]],

	"faces" : [41,5,6,2,1,0,1,2,3,0,0,0,0,41,0,3,7,4,3,2,1,4,1,1,1,1,41,8,9,11,10,5,6,7,8,2,3,4,5,41,10,11,13,12,8,7,9,10,5,4,6,7,41,12,13,15,14,10,9,11,12,7,6,8,9,41,14,15,17,16,12,11,7,8,9,8,10,11,41,16,17,19,18,8,7,6,5,11,10,12,13,41,18,19,21,20,5,6,13,14,13,12,14,15,41,23,21,30,31,15,13,16,17,16,14,17,18,41,9,8,22,23,6,5,18,15,3,2,19,16,41,20,21,23,22,14,13,15,18,15,14,16,19,40,8,10,22,19,20,21,2,5,19,40,10,12,22,20,22,21,5,7,19,40,12,20,22,22,23,21,7,15,19,40,12,18,20,22,24,23,7,13,15,40,12,14,18,22,25,24,7,9,13,40,14,16,18,25,26,24,9,11,13,41,9,23,31,24,6,15,17,27,3,16,18,20,41,13,11,25,26,9,7,28,29,6,4,21,22,41,15,13,26,27,11,9,30,31,8,6,22,23,41,11,9,24,25,7,6,27,28,4,3,20,21,41,17,15,27,28,7,11,31,32,10,8,23,24,41,19,17,28,29,6,7,32,33,12,10,24,25,41,21,19,29,30,13,6,33,34,14,12,25,17,40,31,30,32,17,16,35,18,17,26,40,27,26,32,31,30,36,23,22,26,40,30,29,32,34,33,36,17,25,26,40,26,25,32,29,28,35,22,21,26,40,29,28,32,33,32,36,25,24,26,40,24,31,32,27,17,35,20,18,26,40,25,24,32,28,27,35,21,20,26,40,28,27,32,32,31,36,24,23,26],

	"bones" : [],

	"skinIndices" : [],

	"skinWeights" : [],

	"animations" : []


}
